{"cameraMode":{"drawMode":0,"name":"Shaded","section":"Shading Mode"},"sceneLighting":false,"audioPlay":false,"sceneViewState":{"showFog":true,"showMaterialUpdate":false,"showSkybox":true,"showFlares":true,"showImageEffects":true,"showParticleSystems":true},"in2DMode":false,"pivot":{"x":-8.0777587890625,"y":13.15411376953125,"z":-7.857421875},"rotation":{"x":-0.02130792662501335,"y":0.012599284760653973,"z":-0.0003293664485681802,"w":-0.9997984766960144},"size":14.596519470214844,"orthographic":true}