{"cameraMode":{"drawMode":0,"name":"Shaded","section":"Shading Mode"},"sceneLighting":false,"audioPlay":false,"sceneViewState":{"showFog":true,"showMaterialUpdate":false,"showSkybox":false,"showFlares":true,"showImageEffects":true,"showParticleSystems":true},"in2DMode":false,"pivot":{"x":-16.327606201171876,"y":17.379196166992189,"z":-0.011999964714050293},"rotation":{"x":0.013240075670182705,"y":0.03365551680326462,"z":-0.0011473443591967226,"w":-0.9995949864387512},"size":0.641666054725647,"orthographic":false}