{"cameraMode":{"drawMode":0,"name":"Shaded","section":"Shading Mode"},"sceneLighting":false,"audioPlay":false,"sceneViewState":{"showFog":true,"showMaterialUpdate":false,"showSkybox":false,"showFlares":true,"showImageEffects":true,"showParticleSystems":true},"in2DMode":false,"pivot":{"x":-6.5111284255981449,"y":3.9027719497680666,"z":0.20196259021759034},"rotation":{"x":-0.15830925107002259,"y":-0.30663469433784487,"z":0.05021991208195686,"w":-0.9374887943267822},"size":1.4667060375213624,"orthographic":false}