{"cameraMode":{"drawMode":0,"name":"Shaded","section":"Shading Mode"},"sceneLighting":false,"audioPlay":false,"sceneViewState":{"showFog":true,"showMaterialUpdate":false,"showSkybox":true,"showFlares":true,"showImageEffects":true,"showParticleSystems":true},"in2DMode":false,"pivot":{"x":6.036686897277832,"y":9.194635391235352,"z":11.996847152709961},"rotation":{"x":-0.06004408746957779,"y":0.08733099699020386,"z":-0.005282611586153507,"w":-0.9943978190422058},"size":19.74679183959961,"orthographic":false}