{"cameraMode":{"drawMode":0,"name":"Shaded","section":"Shading Mode"},"sceneLighting":false,"audioPlay":false,"sceneViewState":{"showFog":true,"showMaterialUpdate":false,"showSkybox":true,"showFlares":true,"showImageEffects":true,"showParticleSystems":true},"in2DMode":false,"pivot":{"x":-9.341082572937012,"y":2.165337085723877,"z":2.84108829498291},"rotation":{"x":-0.11552546173334122,"y":-0.023243365809321405,"z":0.002705585677176714,"w":-0.9930810928344727},"size":7.497873306274414,"orthographic":false}