{"cameraMode":{"drawMode":0,"name":"Shaded","section":"Shading Mode"},"sceneLighting":false,"audioPlay":false,"sceneViewState":{"showFog":true,"showMaterialUpdate":false,"showSkybox":false,"showFlares":true,"showImageEffects":true,"showParticleSystems":true},"in2DMode":false,"pivot":{"x":-15.215137481689454,"y":17.386978149414064,"z":0.018533706665039064},"rotation":{"x":-0.048287298530340198,"y":0.008049734868109227,"z":-0.00201409705914557,"w":-0.9990506768226624},"size":1.609229326248169,"orthographic":false}