{"cameraMode":{"drawMode":0,"name":"Shaded","section":"Shading Mode"},"sceneLighting":false,"audioPlay":false,"sceneViewState":{"showFog":true,"showMaterialUpdate":false,"showSkybox":true,"showFlares":true,"showImageEffects":true,"showParticleSystems":true},"in2DMode":false,"pivot":{"x":2.501682758331299,"y":9.58161449432373,"z":-62.08530807495117},"rotation":{"x":-0.09164327383041382,"y":0.03045293316245079,"z":-0.003041706280782819,"w":-0.9954559803009033},"size":32.5550537109375,"orthographic":true}