{"cameraMode":{"drawMode":0,"name":"Shaded","section":"Shading Mode"},"sceneLighting":false,"audioPlay":false,"sceneViewState":{"showFog":true,"showMaterialUpdate":false,"showSkybox":true,"showFlares":true,"showImageEffects":true,"showParticleSystems":true},"in2DMode":false,"pivot":{"x":-15.342000007629395,"y":2.1682000160217287,"z":3.4084999561309816},"rotation":{"x":-0.24823439121246339,"y":0.006125925108790398,"z":-0.0028149301651865246,"w":-0.9689245223999023},"size":0.3073950409889221,"orthographic":false}