{"cameraMode":{"drawMode":0,"name":"Shaded","section":"Shading Mode"},"sceneLighting":false,"audioPlay":false,"sceneViewState":{"showFog":true,"showMaterialUpdate":false,"showSkybox":true,"showFlares":true,"showImageEffects":true,"showParticleSystems":true},"in2DMode":false,"pivot":{"x":-10.293033599853516,"y":8.397873878479004,"z":12.756074905395508},"rotation":{"x":-0.045304108411073688,"y":-0.002404168713837862,"z":-0.0003611761494539678,"w":-0.9991520643234253},"size":17.46242332458496,"orthographic":false}