{"cameraMode":{"drawMode":0,"name":"Shaded","section":"Shading Mode"},"sceneLighting":false,"audioPlay":false,"sceneViewState":{"showFog":true,"showMaterialUpdate":false,"showSkybox":true,"showFlares":true,"showImageEffects":true,"showParticleSystems":true},"in2DMode":false,"pivot":{"x":5.86236572265625,"y":14.1953125,"z":12.8984375},"rotation":{"x":-0.055783551186323169,"y":0.009578019380569458,"z":-0.0007592139299958944,"w":-0.9985273480415344},"size":24.568340301513673,"orthographic":true}