{"cameraMode":{"drawMode":0,"name":"Shaded","section":"Shading Mode"},"sceneLighting":false,"audioPlay":false,"sceneViewState":{"showFog":true,"showMaterialUpdate":false,"showSkybox":true,"showFlares":true,"showImageEffects":true,"showParticleSystems":true},"in2DMode":false,"pivot":{"x":-13.605112075805664,"y":2.4943885803222658,"z":-0.19677352905273438},"rotation":{"x":-0.2053314745426178,"y":0.2835835814476013,"z":-0.06259830296039581,"w":-0.9347808361053467},"size":2.4073948860168459,"orthographic":false}