{"cameraMode":{"drawMode":0,"name":"Shaded","section":"Shading Mode"},"sceneLighting":false,"audioPlay":false,"sceneViewState":{"showFog":true,"showMaterialUpdate":false,"showSkybox":true,"showFlares":true,"showImageEffects":true,"showParticleSystems":true},"in2DMode":false,"pivot":{"x":-13.80794620513916,"y":14.750631332397461,"z":1.4802708625793458},"rotation":{"x":-0.027283070608973504,"y":0.042573392391204837,"z":-0.0011756645981222392,"w":-0.9987968802452087},"size":4.665379524230957,"orthographic":false}