{"cameraMode":{"drawMode":0,"name":"Shaded","section":"Shading Mode"},"sceneLighting":false,"audioPlay":false,"sceneViewState":{"showFog":true,"showMaterialUpdate":false,"showSkybox":true,"showFlares":true,"showImageEffects":true,"showParticleSystems":true},"in2DMode":false,"pivot":{"x":2.9757080078125,"y":11.33935546875,"z":-30.478515625},"rotation":{"x":-0.0991012305021286,"y":0.03192304074764252,"z":-0.003396362066268921,"w":-0.9946849942207336},"size":13.428570747375489,"orthographic":true}