{"cameraMode":{"drawMode":0,"name":"Shaded","section":"Shading Mode"},"sceneLighting":false,"audioPlay":false,"sceneViewState":{"showFog":true,"showMaterialUpdate":false,"showSkybox":true,"showFlares":true,"showImageEffects":true,"showParticleSystems":true},"in2DMode":false,"pivot":{"x":5.646496772766113,"y":1.9088659286499024,"z":18.81838607788086},"rotation":{"x":-0.13192829489707948,"y":-0.005355049390345812,"z":0.0007069719140417874,"w":-0.9912895560264587},"size":27.407087326049806,"orthographic":false}