{"cameraMode":{"drawMode":0,"name":"Shaded","section":"Shading Mode"},"sceneLighting":false,"audioPlay":false,"sceneViewState":{"showFog":true,"showMaterialUpdate":false,"showSkybox":true,"showFlares":true,"showImageEffects":true,"showParticleSystems":true},"in2DMode":false,"pivot":{"x":-3.245028495788574,"y":-0.12781649827957154,"z":3.3020646572113039},"rotation":{"x":-0.18600766360759736,"y":-0.197072833776474,"z":0.03721857815980911,"w":-0.9620745778083801},"size":9.579079627990723,"orthographic":false}