{"cameraMode":{"drawMode":0,"name":"Shaded","section":"Shading Mode"},"sceneLighting":false,"audioPlay":false,"sceneViewState":{"showFog":true,"showMaterialUpdate":false,"showSkybox":true,"showFlares":true,"showImageEffects":true,"showParticleSystems":true},"in2DMode":false,"pivot":{"x":-14.220001220703125,"y":17.18000030517578,"z":-0.0059999823570251469},"rotation":{"x":0.013240075670182705,"y":0.03365551680326462,"z":-0.0011473443591967226,"w":-0.9995949864387512},"size":5.7653117179870609,"orthographic":false}