{"cameraMode":{"drawMode":0,"name":"Shaded","section":"Shading Mode"},"sceneLighting":false,"audioPlay":false,"sceneViewState":{"showFog":true,"showMaterialUpdate":false,"showSkybox":true,"showFlares":true,"showImageEffects":true,"showParticleSystems":true},"in2DMode":false,"pivot":{"x":-6.716451168060303,"y":4.000799655914307,"z":-7.0592041015625},"rotation":{"x":-0.12843646109104157,"y":-0.10203474760055542,"z":0.011884231120347977,"w":-0.9866108298301697},"size":14.634599685668946,"orthographic":false}