{"cameraMode":{"drawMode":0,"name":"Shaded","section":"Shading Mode"},"sceneLighting":false,"audioPlay":false,"sceneViewState":{"showFog":true,"showMaterialUpdate":false,"showSkybox":true,"showFlares":true,"showImageEffects":true,"showParticleSystems":true},"in2DMode":false,"pivot":{"x":-15.920354843139649,"y":1.2948460578918458,"z":2.9065029621124269},"rotation":{"x":0.013240075670182705,"y":0.03365551680326462,"z":-0.0011473443591967226,"w":-0.9995949864387512},"size":1.3705724477767945,"orthographic":false}