{"cameraMode":{"drawMode":0,"name":"Shaded","section":"Shading Mode"},"sceneLighting":false,"audioPlay":false,"sceneViewState":{"showFog":true,"showMaterialUpdate":false,"showSkybox":true,"showFlares":true,"showImageEffects":true,"showParticleSystems":true},"in2DMode":false,"pivot":{"x":-4.700164794921875,"y":12.99072265625,"z":-10.12890625},"rotation":{"x":-0.09747572243213654,"y":0.06026796996593475,"z":-0.006081170402467251,"w":-0.9935086965560913},"size":8.22925853729248,"orthographic":true}